{
  "method": "v3: independent per-image rotation + peak detection + gap filling",
  "per_image": {
    "0ugL": {
      "rotation_deg": 0.3,
      "n_rows": 84,
      "spots_detected": 11899,
      "spots_after_filter": 11899
    },
    "5ugL": {
      "rotation_deg": -0.1,
      "n_rows": 84,
      "spots_detected": 12000,
      "spots_after_filter": 12000
    },
    "20ugL": {
      "rotation_deg": -4.78,
      "n_rows": 84,
      "spots_detected": 13042,
      "spots_after_filter": 13042
    }
  },
  "bin_edges": [
    "-inf",
    1720.4,
    2545.3,
    3595.2,
    4720.0,
    "inf"
  ],
  "n_levels": 5,
  "distributions": {
    "0ugL": [
      0.5471888393982688,
      0.1534582738045214,
      0.15076897218253635,
      0.07605681149676444,
      0.07252710311790907
    ],
    "5ugL": [
      0.77375,
      0.09066666666666667,
      0.07341666666666667,
      0.03675,
      0.025416666666666667
    ],
    "20ugL": [
      0.9467106272044165,
      0.03404385830394111,
      0.014031590246894649,
      0.004140469253182027,
      0.0010734549915657108
    ]
  }
}