{
  "method": "v3: independent per-image rotation + peak detection + gap filling",
  "per_image": {
    "0ugL": {
      "rotation_deg": 0.3,
      "n_rows": 84,
      "spots_detected": 11899,
      "spots_after_filter": 11899
    },
    "5ugL": {
      "rotation_deg": -0.1,
      "n_rows": 84,
      "spots_detected": 12000,
      "spots_after_filter": 12000
    },
    "20ugL": {
      "rotation_deg": -4.78,
      "n_rows": 84,
      "spots_detected": 13042,
      "spots_after_filter": 13042
    }
  },
  "bin_edges": [
    "-inf",
    5.0,
    19.7,
    38.4,
    58.4,
    "inf"
  ],
  "n_levels": 5,
  "distributions": {
    "0ugL": [
      0.30431128666274476,
      0.1769896629968905,
      0.1901840490797546,
      0.18203210353811244,
      0.1464828977224977
    ],
    "5ugL": [
      0.535,
      0.182,
      0.10241666666666667,
      0.095,
      0.08558333333333333
    ],
    "20ugL": [
      0.3059346725962276,
      0.6461432295660174,
      0.02975003833767827,
      0.011961355620303635,
      0.006210703879773041
    ]
  }
}