{
  "method": "Grid-based detection with block quality filtering",
  "grid": {
    "n_rows": 84,
    "row_spacing_px": 42.0,
    "total_spots_detected": 6143,
    "spots_after_filtering": 6005,
    "block_grid": "7x7"
  },
  "bin_edges": [
    -Infinity,
    10.115449598021025,
    23.4010975534444,
    40.310104042165065,
    58.42689670865149,
    Infinity
  ],
  "n_levels": 5,
  "distributions": {
    "0ugL": [
      0.10008326394671108,
      0.22930890924229808,
      0.27127393838467945,
      0.2176519567027477,
      0.1816819317235637
    ],
    "5ugL": [
      0.9115736885928393,
      0.043963363863447125,
      0.023980016652789343,
      0.01298917568692756,
      0.00749375520399667
    ],
    "20ugL": [
      0.9823480432972523,
      0.013488759367194006,
      0.0036636136552872607,
      0.0004995836802664446,
      0.0
    ]
  }
}