{
  "method": "v3: independent per-image rotation + peak detection",
  "per_image": {
    "0ugL": {
      "rotation_deg": 0.3,
      "n_rows": 84,
      "spots_detected": 6659,
      "spots_after_filter": 6659
    },
    "5ugL": {
      "rotation_deg": -0.1,
      "n_rows": 84,
      "spots_detected": 4621,
      "spots_after_filter": 4621
    },
    "20ugL": {
      "rotation_deg": -4.78,
      "n_rows": 84,
      "spots_detected": 4675,
      "spots_after_filter": 4675
    }
  },
  "reference_well_count": 6659,
  "bin_edges": [
    "-inf",
    20.0,
    32.6,
    48.6,
    65.8,
    "inf"
  ],
  "n_levels": 5,
  "distributions": {
    "0ugL": [
      0.10001501726986034,
      0.2138459228112329,
      0.2803724282925364,
      0.22465835711067728,
      0.18110827451569306
    ],
    "5ugL": [
      0.5060819942934375,
      0.11923712269109477,
      0.1447664814536717,
      0.11698453221204386,
      0.11292986934975222
    ],
    "20ugL": [
      0.9077939630575161,
      0.04505180958101817,
      0.025679531461180356,
      0.01381588827151224,
      0.007658807628773089
    ]
  }
}