{
  "method": "v3: independent per-image rotation + peak detection + gap filling",
  "per_image": {
    "0ugL": {
      "rotation_deg": 0.3,
      "n_rows": 84,
      "spots_detected": 10088,
      "spots_after_filter": 10088
    },
    "5ugL": {
      "rotation_deg": -0.1,
      "n_rows": 84,
      "spots_detected": 9438,
      "spots_after_filter": 9438
    },
    "20ugL": {
      "rotation_deg": -4.78,
      "n_rows": 84,
      "spots_detected": 9845,
      "spots_after_filter": 9845
    }
  },
  "bin_edges": [
    "-inf",
    5.0,
    20.5,
    40.2,
    61.3,
    "inf"
  ],
  "n_levels": 5,
  "distributions": {
    "0ugL": [
      0.311558287073751,
      0.14383425852498016,
      0.1921094369547978,
      0.19855273592386993,
      0.15394528152260112
    ],
    "5ugL": [
      0.5114431023521933,
      0.14695910150455604,
      0.12523839796567068,
      0.11602034329307057,
      0.10033905488450943
    ],
    "20ugL": [
      0.4131030980192991,
      0.5219908583037075,
      0.04174707973590655,
      0.015845606907059422,
      0.007313357034027425
    ]
  }
}