{
  "method": "v3: independent per-image rotation + peak detection + gap filling",
  "per_image": {
    "0ugL": {
      "rotation_deg": 0.3,
      "n_rows": 84,
      "spots_detected": 11899,
      "spots_after_filter": 11899
    },
    "5ugL": {
      "rotation_deg": -0.1,
      "n_rows": 84,
      "spots_detected": 12000,
      "spots_after_filter": 12000
    },
    "20ugL": {
      "rotation_deg": -4.78,
      "n_rows": 84,
      "spots_detected": 13042,
      "spots_after_filter": 13042
    }
  },
  "bin_edges": [
    "-inf",
    1682.8,
    2405.5,
    3325.2,
    4310.7,
    "inf"
  ],
  "n_levels": 5,
  "distributions": {
    "0ugL": [
      0.5471888393982688,
      0.14169257920833683,
      0.147239263803681,
      0.08807462812001009,
      0.07580468946970334
    ],
    "5ugL": [
      0.77475,
      0.084,
      0.07308333333333333,
      0.0405,
      0.027666666666666666
    ],
    "20ugL": [
      0.951694525379543,
      0.03013341512038031,
      0.01326483668149057,
      0.004063793896641619,
      0.000843428921944487
    ]
  }
}