{
  "method": "v3: independent per-image rotation + peak detection + gap filling",
  "per_image": {
    "0ugL": {
      "rotation_deg": 0.3,
      "n_rows": 84,
      "spots_detected": 6698,
      "spots_after_filter": 6698
    },
    "5ugL": {
      "rotation_deg": -0.1,
      "n_rows": 84,
      "spots_detected": 6362,
      "spots_after_filter": 6245
    },
    "20ugL": {
      "rotation_deg": -4.78,
      "n_rows": 84,
      "spots_detected": 6205,
      "spots_after_filter": 6205
    }
  },
  "bin_edges": [
    "-inf",
    5.0,
    21.2,
    41.8,
    63.9,
    "inf"
  ],
  "n_levels": 5,
  "distributions": {
    "0ugL": [
      0.22245446401911018,
      0.10331442221558675,
      0.2290235891310839,
      0.2585846521349657,
      0.1866228724992535
    ],
    "5ugL": [
      0.41969575660528424,
      0.1476381104883907,
      0.15628502802241792,
      0.15244195356285029,
      0.12393915132105685
    ],
    "20ugL": [
      0.31103948428686545,
      0.6011281224818694,
      0.056244963738920226,
      0.022562449637389202,
      0.009024979854955682
    ]
  }
}