{
  "method": "v3: per-image rotation + periodic grid fitting",
  "rotation_angles_deg": {
    "0ugL": 0.3,
    "5ugL": -0.1,
    "20ugL": -4.78
  },
  "grid_periods_px": {
    "row": 42,
    "col": 49
  },
  "per_image_stats": {
    "0ugL": {
      "total_spots": 6015,
      "spots_after_filter": 6015,
      "net_signal_mean": 16.75
    },
    "5ugL": {
      "total_spots": 6086,
      "spots_after_filter": 6086,
      "net_signal_mean": 10.1
    },
    "20ugL": {
      "total_spots": 6066,
      "spots_after_filter": 6066,
      "net_signal_mean": 5.32
    }
  },
  "bin_edges": [
    "-inf",
    5.0,
    17.5,
    33.4,
    50.5,
    "inf"
  ],
  "n_levels": 5,
  "distributions": {
    "0ugL": [
      0.45187032418952616,
      0.19384871155444722,
      0.14546965918536992,
      0.10773067331670823,
      0.10108063175394846
    ],
    "5ugL": [
      0.6633256654617155,
      0.13933618139993428,
      0.07180414065067368,
      0.054222806441012156,
      0.07131120604666448
    ],
    "20ugL": [
      0.559841740850643,
      0.4066930431915595,
      0.016485328058028353,
      0.009891196834817012,
      0.007088691064952192
    ]
  }
}