{
  "method": "Grid-based detection with block quality filtering",
  "grid": {
    "n_rows": 84,
    "row_spacing_px": 42.0,
    "total_spots_detected": 6143,
    "spots_after_filtering": 6005,
    "block_grid": "7x7"
  },
  "bin_edges": [
    -Infinity,
    15.093715097979498,
    22.726178831711994,
    30.606918261122487,
    39.5895918367347,
    49.66752259112601,
    63.128230010597214,
    Infinity
  ],
  "n_levels": 7,
  "distributions": {
    "0ugL": [
      0.1806827643630308,
      0.13655287260616153,
      0.13655287260616153,
      0.13655287260616153,
      0.13655287260616153,
      0.13655287260616153,
      0.13655287260616153
    ],
    "5ugL": [
      0.9297252289758534,
      0.02447960033305579,
      0.014154870940882597,
      0.010657785179017486,
      0.008992506244796004,
      0.0069941715237302245,
      0.004995836802664446
    ],
    "20ugL": [
      0.9916736053288926,
      0.003996669442131557,
      0.002497918401332223,
      0.0009991673605328892,
      0.0008326394671107411,
      0.0,
      0.0
    ]
  }
}