{
  "method": "Grid-based detection with rotation correction and block filtering",
  "rotation_angle_deg": 0.3,
  "grid": {
    "n_rows": 84,
    "row_spacing_px": 42.0,
    "total_spots": 6659,
    "spots_after_filter": 6526,
    "block_grid": "7x7"
  },
  "bin_edges": [
    "-inf",
    20.1,
    32.6,
    48.6,
    65.7,
    "inf"
  ],
  "n_levels": 5,
  "distributions": {
    "0ugL": [
      0.10006129328838492,
      0.21406680968433955,
      0.2807232608029421,
      0.22463990193073857,
      0.18050873429359485
    ],
    "5ugL": [
      0.9518847686178363,
      0.02053325160894882,
      0.016089488201041988,
      0.007661661048115232,
      0.003830830524057616
    ],
    "20ugL": [
      0.9952497701501686,
      0.003217897640208397,
      0.0013790989886607416,
      0.00015323322096230462,
      0.0
    ]
  }
}